[{"fullName":"Faustina Burgher","boughtCars":4,"spentMoney":12585.89},{"fullName":"Garret Capron","boughtCars":3,"spentMoney":11743.59},{"fullName":"Carri Knapik","boughtCars":4,"spentMoney":11550.63},{"fullName":"Zada Attwood","boughtCars":4,"spentMoney":11223.87},{"fullName":"Jimmy Grossi","boughtCars":3,"spentMoney":10382.12},{"fullName":"Teddy Hobby","boughtCars":5,"spentMoney":9797.86},{"fullName":"Cinthia Lasala","boughtCars":5,"spentMoney":9317.68},{"fullName":"Oren Perlman","boughtCars":4,"spentMoney":9134.27},{"fullName":"Audrea Cardinal","boughtCars":3,"spentMoney":8714.26},{"fullName":"Emmitt Benally","boughtCars":5,"spentMoney":7510.36},{"fullName":"Marcelle Griego","boughtCars":3,"spentMoney":6561.96},{"fullName":"Hai Everton","boughtCars":2,"spentMoney":6017.61},{"fullName":"Johnette Derryberry","boughtCars":3,"spentMoney":5486.86},{"fullName":"Nisha Markwell","boughtCars":1,"spentMoney":5347.84},{"fullName":"Louann Holzworth","boughtCars":3,"spentMoney":5201.03},{"fullName":"Natalie Poli","boughtCars":3,"spentMoney":5013.00},{"fullName":"Hipolito Lamoreaux","boughtCars":6,"spentMoney":4539.08},{"fullName":"Lino Subia","boughtCars":2,"spentMoney":4248.91},{"fullName":"Carole Witman","boughtCars":2,"spentMoney":3977.58},{"fullName":"Kristian Engberg","boughtCars":3,"spentMoney":3814.22},{"fullName":"Brett Brickley","boughtCars":2,"spentMoney":3366.01},{"fullName":"Donnetta Soliz","boughtCars":3,"spentMoney":3029.78},{"fullName":"Daniele Zarate","boughtCars":3,"spentMoney":2946.18},{"fullName":"Rico Peer","boughtCars":2,"spentMoney":2899.97},{"fullName":"Rema Revelle","boughtCars":1,"spentMoney":2341.64},{"fullName":"Taina Achenbach","boughtCars":2,"spentMoney":1608.82},{"fullName":"Yvonne Mccalla","boughtCars":1,"spentMoney":1003.78},{"fullName":"Francis Mckim","boughtCars":2,"spentMoney":621.14},{"fullName":"Sylvie Mcelravy","boughtCars":2,"spentMoney":581.39},{"fullName":"Ann Mcenaney","boughtCars":2,"spentMoney":521.85}]